"Transaction ID","Transaction Type","Origination Date","Posted Date","Description","Amount","Expense Category","Expenses for","Contribution year","Document attached","Trade Details","Investment rebalance","Is Investment Trans Type","Verification Status"
"1706775815","Employee Payroll Contribution - on 11/28/2025","11/28/2025","11/28/2025","","$500.00",""," ","2025","No","","No","No","0"
"1705922659","Debit Card Purchase","11/14/2025","11/17/2025","WELLNESS CLINIC          ANYTOWN      NY","($29.44)","Medical"," ","","No","","No","No","0"
"1705367886","Employee Payroll Contribution - on 11/14/2025","11/14/2025","11/14/2025","","$500.00",""," ","2025","No","","No","No","0"
"1705307787","Debit Card Purchase","11/10/2025","11/10/2025","WELLNESS CLINIC          ANYTOWN      NY","($24.15)","Medical"," ","","No","","No","No","0"
"1704749321","Debit Card Purchase","11/03/2025","11/03/2025","WELLNESS CLINIC          ANYTOWN      NY","($23.57)","Medical"," ","","No","","No","No","0"
"1704206930","Interest Payment","10/31/2025","10/31/2025","Interest payment from 10/1/2025 to 10/31/2025","$0.02",""," ","2025","No","","No","No","0"
"1702274802","Employee Payroll Contribution - on 10/31/2025","10/31/2025","10/31/2025","","$500.00",""," ","2025","No","","No","No","0"
"1702392397","Debit Card Purchase","10/29/2025","10/31/2025","WELLNESS CLINIC          ANYTOWN      NY","($22.08)","Medical"," ","","No","","No","No","0"
"1701975921","Debit Card Purchase","10/24/2025","10/27/2025","WELLNESS CLINIC          ANYTOWN      NY","($23.57)","Medical"," ","","No","","No","No","0"
"1701865647","Debit Card Purchase","10/23/2025","10/23/2025","MENTAL HEALTH SERVICES   RIVERSIDE    CA","($1.82)","Medical"," ","","No","","No","No","0"
"1701700654","Debit Card Credit","10/22/2025","10/22/2025","WELLNESS CLINIC          ANYTOWN      NY","$7.78","Medical"," ","","No","","No","No","0"
"1701451570","Debit Card Purchase","10/17/2025","10/20/2025","MENTAL HEALTH SERVICES   RIVERSIDE    CA","($1.82)","Medical"," ","","No","","No","No","0"
"1701431393","Debit Card Purchase","10/17/2025","10/20/2025","WELLNESS CLINIC          ANYTOWN      NY","($29.44)","Medical"," ","","No","","No","No","0"
"1701045790","Employee Payroll Contribution - on 10/17/2025","10/17/2025","10/17/2025","","$500.00",""," ","2025","No","","No","No","0"
"1701102486","Debit Card Purchase","10/15/2025","10/17/2025","WELLNESS CLINIC          ANYTOWN      NY","($18.19)","Medical"," ","","No","","No","No","0"
"1700882398","Debit Card Purchase","10/13/2025","10/14/2025","WELLNESS CLINIC          ANYTOWN      NY","($23.57)","Medical"," ","","No","","No","No","0"
"1700866195","Debit Card Purchase","10/12/2025","10/15/2025","PODIATRY CARE PC         COASTAL      CA","($550.00)","Medical"," ","","No","","No","No","0"
"1700390086","Debit Card Purchase","10/07/2025","10/09/2025","MENTAL HEALTH SERVICES   RIVERSIDE    CA","($1.82)","Medical"," ","","No","","No","No","0"
"1700126878","Debit Card Purchase","10/03/2025","10/06/2025","WELLNESS CLINIC          ANYTOWN      NY","($29.44)","Medical"," ","","No","","No","No","0"
"1700074314","Debit Card Purchase","10/02/2025","10/06/2025","MENTAL HEALTH SERVICES   RIVERSIDE    CA","($1.82)","Medical"," ","","No","","No","No","0"
"1697659528","Transfer from Investment","09/30/2025","10/01/2025","Transfer Funds From Investment Account","$2,000.00",""," ","","No","RFITX = 81.967 shares @ $24.40/share = $2,000.00","No","No","0"
"1699478354","Interest Payment","09/30/2025","09/30/2025","Interest payment from 9/1/2025 to 9/30/2025","$0.00",""," ","2025","No","","No","No","0"
"1696822889","Debit Card Purchase","09/20/2025","09/22/2025","WELLNESS CLINIC          ANYTOWN      NY","($18.78)","Medical"," ","","No","","No","No","0"
"1696391506","Debit Card Purchase","09/17/2025","09/19/2025","WELLNESS CLINIC          ANYTOWN      NY","($22.08)","Medical"," ","","No","","No","No","0"
"1696336527","Debit Card Purchase","09/16/2025","Cancelled","WELLNESS CLINIC          ANYTOWN      NY","($1.00)","Medical"," ","","No","","No","No","0"
"1696245602","Debit Card Purchase","09/15/2025","09/17/2025","MENTAL HEALTH SERVICES   RIVERSIDE    CA","($1.82)","Medical"," ","","No","","No","No","0"
"1696073257","Debit Card Purchase","09/12/2025","09/15/2025","WELLNESS CLINIC          ANYTOWN      NY","($29.44)","Medical"," ","","No","","No","No","0"
"1695895486","Debit Card Purchase","09/11/2025","09/11/2025","MENTAL HEALTH SERVICES   RIVERSIDE    CA","($1.82)","Medical"," ","","No","","No","No","0"
"1695522467","Debit Card Purchase","09/06/2025","09/08/2025","BEHAVIORAL THERAPY CTR   OCEANSIDE    CA","($195.00)","Medical"," ","","No","","No","No","0"
"1695483827","Debit Card Purchase","09/05/2025","09/08/2025","Coastal Medical Pharmacy SEASIDE      CA","($88.59)","Prescription"," ","","No","","No","No","0"
"1695439878","Debit Card Purchase","09/05/2025","09/08/2025","WELLNESS CLINIC          ANYTOWN      NY","($29.44)","Medical"," ","","No","","No","No","0"
"1695103094","Debit Card Purchase","09/03/2025","09/05/2025","WELLNESS CLINIC          ANYTOWN      NY","($22.08)","Medical"," ","","No","","No","No","0"
"1695045543","Debit Card Purchase","09/02/2025","09/04/2025","MENTAL HEALTH SERVICES   RIVERSIDE    CA","($1.82)","Medical"," ","","No","","No","No","0"
"1694473574","Interest Payment","08/31/2025","08/31/2025","Interest payment from 8/1/2025 to 8/31/2025","$0.01",""," ","2025","No","","No","No","0"
"1692866388","Debit Card Purchase","08/29/2025","09/02/2025","WELLNESS CLINIC          ANYTOWN      NY","($29.44)","Medical"," ","","No","","No","No","0"
"1692803192","Debit Card Purchase","08/28/2025","09/02/2025","BEHAVIORAL THERAPY CTR   OCEANSIDE    CA","($195.00)","Medical"," ","","No","","No","No","0"
"1692545633","Debit Card Purchase","08/27/2025","08/29/2025","SQ *ALMA*WCY2FK          gosq.com     CA","($34.67)","Medical"," ","","No","","No","No","0"
"1692451072","Debit Card Purchase","08/26/2025","08/28/2025","MENTAL HEALTH SERVICES   RIVERSIDE    CA","($1.82)","Medical"," ","","No","","No","No","0"
"1692166654","Debit Card Purchase","08/21/2025","08/25/2025","WELLNESS CLINIC          ANYTOWN      NY","($29.44)","Medical"," ","","No","","No","No","0"
"1692148691","Debit Card Purchase","08/21/2025","08/25/2025","BEHAVIORAL THERAPY CTR   OCEANSIDE    CA","($195.00)","Medical"," ","","No","","No","No","0"
"1691803577","Debit Card Purchase","08/19/2025","08/21/2025","MENTAL HEALTH SERVICES   RIVERSIDE    CA","($1.82)","Medical"," ","","No","","No","No","0"
"1691738554","Debit Card Purchase","08/18/2025","08/20/2025","PODIATRY CARE PC         COASTAL      CA","($41.62)","Medical"," ","","No","","No","No","0"
"1691690450","Debit Card Purchase","08/18/2025","08/18/2025","WELLNESS CLINIC          ANYTOWN      NY","($29.44)","Medical"," ","","No","","No","No","0"
"1691488878","Debit Card Purchase","08/14/2025","08/18/2025","BEHAVIORAL THERAPY CTR   OCEANSIDE    CA","($195.00)","Medical"," ","","No","","No","No","0"
"1691463720","Debit Card Purchase","08/14/2025","08/18/2025","WELLNESS CLINIC          ANYTOWN      NY","($22.08)","Medical"," ","","No","","No","No","0"
"1691089944","Debit Card Purchase","08/11/2025","08/14/2025","MENTAL HEALTH SERVICES   RIVERSIDE    CA","($51.59)","Medical"," ","","No","","No","No","0"
"1691030060","Debit Card Purchase","08/10/2025","Cancelled","WELLNESS CLINIC          ANYTOWN      NY","($1.00)","Medical"," ","","No","","No","No","0"
"1690998893","Debit Card Purchase","08/09/2025","08/11/2025","BEHAVIORAL THERAPY CTR   OCEANSIDE    CA","($195.00)","Medical"," ","","No","","No","No","0"
"1690581431","Debit Card Purchase","08/06/2025","08/08/2025","WELLNESS CLINIC          ANYTOWN      NY","($29.44)","Medical"," ","","No","","No","No","0"
"1690509434","Debit Card Purchase","08/05/2025","08/07/2025","MENTAL HEALTH SERVICES   RIVERSIDE    CA","($1.82)","Medical"," ","","No","","No","No","0"
"1690413384","Debit Card Purchase","08/04/2025","08/07/2025","Coastal Medical Pharmacy SEASIDE      CA","($88.59)","Prescription"," ","","No","","No","No","0"
"1690315522","Debit Card Purchase","08/02/2025","08/04/2025","BEHAVIORAL THERAPY CTR   OCEANSIDE    CA","($195.00)","Medical"," ","","No","","No","No","0"
"1688224354","Debit Card Purchase","07/31/2025","08/04/2025","MENTAL HEALTH SERVICES   RIVERSIDE    CA","($16.59)","Medical"," ","","No","","No","No","0"
"1688209841","Debit Card Purchase","07/31/2025","Cancelled","WELLNESS CLINIC          ANYTOWN      NY","($1.00)","Medical"," ","","No","","No","No","0"
"1688178239","Debit Card Purchase","07/31/2025","08/04/2025","MEDICAL CLINIC COSTA     OCEANSIDE    CA","($24.63)","Medical"," ","","No","","No","No","0"
"1689816067","Interest Payment","07/31/2025","07/31/2025","Interest payment from 7/1/2025 to 7/31/2025","$0.02",""," ","2025","No","","No","No","0"
"1687714226","Debit Card Purchase","07/27/2025","07/29/2025","CVS/PHARMACY #09528      OCEANSIDE    CA","($4.71)","Prescription"," ","","No","","No","No","0"
"1687593717","Debit Card Purchase","07/25/2025","07/25/2025","WELLNESS CLINIC          ANYTOWN      NY","($29.44)","Medical"," ","","No","","No","No","0"
"1687374212","Debit Card Purchase","07/23/2025","07/25/2025","MENTAL HEALTH SERVICES   RIVERSIDE    CA","($1.82)","Medical"," ","","No","","No","No","0"
"1687317106","Debit Card Purchase","07/23/2025","07/25/2025","WELLNESS CLINIC          ANYTOWN      NY","($22.08)","Medical"," ","","No","","No","No","0"
"1687059497","Debit Card Purchase","07/19/2025","07/21/2025","PODIATRY CARE PC         COASTAL      CA","($33.19)","Medical"," ","","No","","No","No","0"
"1687059421","Debit Card Purchase","07/19/2025","07/21/2025","PEDIATRIC CLINIC ONLINE  RIVERSIDE    CA","($35.29)","Medical"," ","","No","","No","No","0"
"1687021225","Debit Card Purchase","07/18/2025","Cancelled","WELLNESS CLINIC          ANYTOWN      NY","($1.00)","Medical"," ","","No","","No","No","0"
"1686696831","Debit Card Purchase","07/16/2025","07/18/2025","SQ *ALMA*FWEZ78          gosq.com     CA","($34.67)","Medical"," ","","No","","No","No","0"
"1685966798","Debit Card Purchase","07/09/2025","07/11/2025","SQ *ALMA*WBAXYF          gosq.com     CA","($34.67)","Medical"," ","","No","","No","No","0"
"1685913303","Debit Card Purchase","07/08/2025","07/10/2025","MENTAL HEALTH SERVICES   RIVERSIDE    CA","($1.82)","Medical"," ","","No","","No","No","0"
"1684790626","Interest Payment","06/30/2025","06/30/2025","Interest payment from 6/1/2025 to 6/30/2025","$0.01",""," ","2025","No","","No","No","0"
"1683073461","Debit Card Purchase","06/28/2025","06/30/2025","SQ *ALMA*T38FC4          gosq.com     CA","($34.67)","Medical"," ","","No","","No","No","0"
"1682763220","Transfer from Investment","06/25/2025","06/27/2025","Transfer Funds From Investment Account","$2,022.08",""," ","","No","RFITX = 88.300 shares @ $22.90/share = $2,022.08","No","No","0"
"1682763188","Debit Card Purchase","06/25/2025","06/27/2025","PEDIATRIC CLINIC ONLINE  RIVERSIDE    CA","($6.21)","Medical"," ","","No","","No","No","0"
"1682420055","Debit Card Purchase","06/23/2025","Cancelled","WELLNESS CLINIC          ANYTOWN      NY","($1.00)","Medical"," ","","No","","No","No","0"
"1682350589","Debit Card Purchase","06/21/2025","06/23/2025","WELLNESS CLINIC          ANYTOWN      NY","($24.15)","Medical"," ","","No","","No","No","0"
"1682207134","Debit Card Purchase","06/19/2025","06/23/2025","BEHAVIORAL THERAPY CTR   OCEANSIDE    CA","($165.00)","Medical"," ","","No","","No","No","0"
"1682180668","Debit Card Purchase","06/19/2025","06/23/2025","WELLNESS CLINIC          +15551234567 NY","($22.08)","Medical"," ","","No","","No","No","0"
"1681898841","Debit Card Purchase","06/16/2025","06/18/2025","CVS/PHARMACY #09528      OCEANSIDE    CA","($10.00)","Prescription"," ","","No","","No","No","0"
"1681794446","Debit Card Purchase","06/14/2025","06/16/2025","WELLNESS CLINIC          +15551234567 NY","($29.93)","Medical"," ","","No","","No","No","0"
"1681693607","Debit Card Purchase","06/13/2025","06/13/2025","MENTAL HEALTH SERVICES   RIVERSIDE    CA","($16.59)","Medical"," ","","No","","No","No","0"
"1681548470","Debit Card Purchase","06/11/2025","06/13/2025","CVS/PHARMACY #09528      OCEANSIDE    CA","($6.46)","Prescription"," ","","No","","No","No","0"
"1681535368","Debit Card Purchase","06/11/2025","06/13/2025","MENTAL HEALTH SERVICES   RIVERSIDE    CA","($16.59)","Medical"," ","","No","","No","No","0"
"1681194598","Debit Card Purchase","06/10/2025","06/12/2025","WELLNESS CLINIC          +15551234567 NY","($22.45)","Medical"," ","","No","","No","No","0"
"1681118635","Debit Card Purchase","06/09/2025","Cancelled","WELLNESS CLINIC          +15551234567 NY","($1.00)","Medical"," ","","No","","No","No","0"
"1681052782","Debit Card Purchase","06/07/2025","06/10/2025","Coastal Medical Pharmacy SEASIDE      CA","($10.00)","Prescription"," ","","No","","No","No","0"
"1680978046","Debit Card Purchase","06/06/2025","06/09/2025","PEDIATRIC CLINIC ONLINE  RIVERSIDE    CA","($37.12)","Medical"," ","","No","","No","No","0"
"1680880969","Debit Card Purchase","06/05/2025","06/09/2025","BEHAVIORAL THERAPY CTR   OCEANSIDE    CA","($195.00)","Medical"," ","","No","","No","No","0"
"1680613401","Debit Card Purchase","06/03/2025","06/06/2025","Coastal Medical Pharmacy SEASIDE      CA","($82.99)","Prescription"," ","","No","","No","No","0"
"1678526148","Debit Card Purchase","06/01/2025","Cancelled","WELLNESS CLINIC          +15551234567 NY","($1.00)","Medical"," ","","No","","No","No","0"
"1678487804","Debit Card Purchase","05/31/2025","06/03/2025","SQ *ALMA*DTYZZG          gosq.com     CA","($34.67)","Medical"," ","","No","","No","No","0"
"1680054471","Interest Payment","05/31/2025","05/31/2025","Interest payment from 5/1/2025 to 5/31/2025","$0.01",""," ","2025","No","","No","No","0"
"1678358308","Debit Card Purchase","05/29/2025","06/02/2025","BEHAVIORAL THERAPY CTR   OCEANSIDE    CA","($195.00)","Medical"," ","","No","","No","No","0"
"1678245308","Debit Card Purchase","05/28/2025","05/30/2025","MENTAL HEALTH SERVICES   RIVERSIDE    CA","($36.82)","Medical"," ","","No","","No","No","0"
"1677877460","Debit Card Purchase","05/27/2025","05/29/2025","SQ *ALMA*P8MUUA          gosq.com     CA","($34.67)","Medical"," ","","No","","No","No","0"
"1677789784","Debit Card Purchase","05/23/2025","05/27/2025","CVS/PHARMACY #09528      OCEANSIDE    CA","($18.52)","Prescription"," ","","No","","No","No","0"
"1677659708","Debit Card Purchase","05/22/2025","05/27/2025","BEHAVIORAL THERAPY CTR   OCEANSIDE    CA","($195.00)","Medical"," ","","No","","No","No","0"
"1677659690","Debit Card Purchase","05/22/2025","05/27/2025","BEHAVIORAL THERAPY CTR   OCEANSIDE    CA","($1.00)","Medical"," ","","No","","No","No","0"
"1677104623","Transfer from Investment","05/15/2025","05/16/2025","Transfer Funds From Investment Account","$1,000.00",""," ","","No","RFITX = 45.788 shares @ $21.84/share = $1,000.00","No","No","0"
"1676378342","Debit Card Purchase","05/08/2025","05/12/2025","BEHAVIORAL THERAPY CTR   OCEANSIDE    CA","($1.00)","Medical"," ","","No","","No","No","0"
"1676117471","Debit Card Purchase","05/06/2025","05/09/2025","Coastal Medical Pharmacy SEASIDE      CA","($90.00)","Prescription"," ","","No","","No","No","0"
"1675969642","Debit Card Purchase","05/04/2025","05/06/2025","HOSPITAL ONLINE HEALTH   RIVERSIDE    CA","($85.02)","Medical"," ","","No","","No","No","0"
"1675969606","Debit Card Purchase","05/04/2025","05/06/2025","HOSPITAL ONLINE HEALTH   RIVERSIDE    CA","($68.97)","Medical"," ","","No","","No","No","0"
"1675969464","Debit Card Purchase","05/04/2025","05/06/2025","HOSPITAL ONLINE HEALTH   RIVERSIDE    CA","($91.43)","Medical"," ","","No","","No","No","0"
"1675930751","Debit Card Purchase","05/03/2025","05/05/2025","SQ *ALMA*FUPAY9          gosq.com     CA","($49.73)","Medical"," ","","No","","No","No","0"
"1673797107","Debit Card Purchase","05/01/2025","05/05/2025","BEHAVIORAL THERAPY CTR   OCEANSIDE    CA","($196.00)","Medical"," ","","No","","No","No","0"
"1675360421","Interest Payment","04/30/2025","04/30/2025","Interest payment from 4/1/2025 to 4/30/2025","$0.01",""," ","2025","No","","No","No","0"
"1673283526","Debit Card Purchase","04/28/2025","04/28/2025","COASTAL MEDICAL PHARMACY SEASIDE      CA","($83.33)","Prescription"," ","","No","","No","No","0"
"1672895639","Debit Card Purchase","04/23/2025","04/25/2025","MENTAL HEALTH CENTER SA  RIVERSIDE    CA","($18.56)","Medical"," ","","No","","No","No","0"
"1672487926","Debit Card Purchase","04/18/2025","04/21/2025","SQ *ALMA*K5I81J          gosq.com     CA","($34.67)","Medical"," ","","No","","No","No","0"
"1672463597","Debit Card Purchase","04/17/2025","Cancelled","BEHAVIORAL THERAPY CTR   OCEANSIDE    CA","($195.00)","Medical"," ","","No","","No","No","0"
"1672446078","Debit Card Purchase","04/17/2025","04/21/2025","BEHAVIORAL THERAPY CTR   OCEANSIDE    CA","($194.00)","Medical"," ","","No","","No","No","0"
"1672427498","Debit Card Purchase","04/17/2025","04/21/2025","CVS/PHARMACY #09528      OCEANSIDE    CA","($10.00)","Prescription"," ","","No","","No","No","0"
"1671900861","Debit Card Purchase","04/12/2025","04/14/2025","PEDIATRIC CLINIC ONLINE  RIVERSIDE    CA","($29.01)","Medical"," ","","No","","No","No","0"
"1671781043","Debit Card Purchase","04/11/2025","04/14/2025","CVS/PHARMACY #09528      OCEANSIDE    CA","($10.00)","Prescription"," ","","No","","No","No","0"
"1671672256","Debit Card Purchase","04/10/2025","04/14/2025","BEHAVIORAL THERAPY CTR   OCEANSIDE    CA","($195.00)","Medical"," ","","No","","No","No","0"
"1671572789","Debit Card Purchase","04/09/2025","04/14/2025","Coastal Medical Pharmacy SEASIDE      CA","($20.00)","Prescription"," ","","No","","No","No","0"
"1670970507","Debit Card Purchase","04/03/2025","04/07/2025","BEHAVIORAL THERAPY CTR   OCEANSIDE    CA","($195.00)","Medical"," ","","No","","No","No","0"
"1670287881","Interest Payment","03/31/2025","03/31/2025","Interest payment from 3/1/2025 to 3/31/2025","$0.05",""," ","2025","No","","No","No","0"
"1668412561","Debit Card Purchase","03/28/2025","03/31/2025","BEHAVIORAL THERAPY CTR   OCEANSIDE    CA","($195.00)","Medical"," ","","No","","No","No","0"
"1668027290","Debit Card Purchase","03/26/2025","03/28/2025","WELLNESS CLINIC          +15551234567 NY","($22.08)","Medical"," ","","No","","No","No","0"
"1667907871","Debit Card Purchase","03/25/2025","03/27/2025","Modern Eyes Optometry    OCEANSIDE    CA","($1,023.00)","Vision"," ","","No","","No","No","0"
"1667762651","Debit Card Purchase","03/22/2025","03/24/2025","CVS/PHARMACY #09528      OCEANSIDE    CA","($19.74)","Prescription"," ","","No","","No","No","0"
"1667657033","Debit Card Purchase","03/21/2025","03/21/2025","WELLNESS CLINIC          ANYTOWN      NY","($30.23)","Medical"," ","","No","","No","No","0"
"1667619663","Debit Card Purchase","03/20/2025","03/24/2025","BEHAVIORAL THERAPY CTR   OCEANSIDE    CA","($195.00)","Medical"," ","","No","","No","No","0"
"1667030690","Debit Card Purchase","03/15/2025","03/17/2025","CVS/PHARMACY #09528      OCEANSIDE    CA","($22.17)","Prescription"," ","","No","","No","No","0"
"1667023934","Debit Card Purchase","03/15/2025","Cancelled","WELLNESS CLINIC          +15551234567 NY","($1.00)","Medical"," ","","No","","No","No","0"
"1666916329","Debit Card Purchase","03/14/2025","03/14/2025","MODERN EYES OPTOMETRY    OCEANSIDE    CA","($305.00)","Vision"," ","","No","","No","No","0"
"1666208864","Debit Card Purchase","03/07/2025","03/07/2025","COASTAL MEDICAL PHARMACY SEASIDE      CA","($89.32)","Prescription"," ","","No","","No","No","0"
"1665809428","Employer Contribution - on 03/07/2025","03/07/2025","03/07/2025","","$1,400.00",""," ","2025","No","","No","No","0"
"1663578435","Debit Card Purchase","03/01/2025","03/03/2025","PEDIATRIC CLINIC ONLINE  RIVERSIDE    CA","($193.37)","Medical"," ","","No","","No","No","0"
"1663578303","Debit Card Purchase","03/01/2025","03/03/2025","HOSPITAL ONLINE HEALTH   RIVERSIDE    CA","($95.14)","Medical"," ","","No","","No","No","0"
"1663578226","Debit Card Purchase","03/01/2025","03/03/2025","HOSPITAL ONLINE HEALTH   RIVERSIDE    CA","($377.79)","Medical"," ","","No","","No","No","0"
"1663578105","Debit Card Purchase","03/01/2025","03/03/2025","HOSPITAL ONLINE HEALTH   RIVERSIDE    CA","($146.34)","Medical"," ","","No","","No","No","0"
"1665135894","Interest Payment","02/28/2025","02/28/2025","Interest payment from 2/1/2025 to 2/28/2025","$0.05",""," ","2025","No","","No","No","0"
"1661868885","Debit Card Purchase","02/12/2025","02/14/2025","CVS/PHARMACY #09528      OCEANSIDE    CA","($48.56)","Prescription"," ","","No","","No","No","0"
"1661477513","Debit Card Purchase","02/09/2025","02/11/2025","PEDIATRIC CLINIC ONLINE  RIVERSIDE    CA","($28.65)","Medical"," ","","No","","No","No","0"
"1661436199","Debit Card Purchase","02/08/2025","02/10/2025","SQ *ALMA*WPTVA0          gosq.com     CA","($272.47)","Medical"," ","","No","","No","No","0"
"1661411167","Debit Card Purchase","02/07/2025","02/10/2025","Coastal Medical Pharmacy SEASIDE      CA","($50.73)","Prescription"," ","","No","","No","No","0"
"1661338281","Debit Card Purchase","02/07/2025","02/07/2025","CVS/PHARMACY #09528      OCEANSIDE    CA","($1.78)","Prescription"," ","","No","","No","No","0"
"1660269655","Interest Payment","01/31/2025","01/31/2025","Interest payment from 1/1/2025 to 1/31/2025","$0.08",""," ","2025","No","","No","No","0"
"1658005654","Debit Card Purchase","01/25/2025","01/27/2025","PEDIATRIC CLINIC ONLINE  RIVERSIDE    CA","($19.34)","Medical"," ","","No","","No","No","0"
"1658005541","Debit Card Purchase","01/25/2025","01/27/2025","HOSPITAL ONLINE HEALTH   RIVERSIDE    CA","($36.39)","Medical"," ","","No","","No","No","0"
"1657984222","Debit Card Purchase","01/25/2025","01/27/2025","TOTAL VISION - OCEANSIDE OCEANSIDE    CA","($84.00)","Vision"," ","","No","","No","No","0"
"1657886450","Debit Card Purchase","01/24/2025","01/27/2025","SQ *ALMA*NVZDJC          gosq.com     CA","($27.25)","Medical"," ","","No","","No","No","0"
"1656739749","Debit Card Purchase","01/13/2025","01/16/2025","Coastal Medical Pharmacy SEASIDE      CA","($10.00)","Prescription"," ","","No","","No","No","0"
"1655625179","Debit Card Purchase","01/03/2025","01/06/2025","PHYSICAL THERAPY CENTER  SEASIDE      CA","($95.00)","Medical"," ","","No","","No","No","0"
"1654048633","Debit Card Purchase","01/02/2025","01/02/2025","COASTAL MEDICAL PHARMACY SEASIDE      CA","($90.00)","Prescription"," ","","No","","No","No","0"
